id_user,user_name,user_email,user_password,user_contact,user_govid,user_role,badge,avatar,created_at,updated_at
1,Martha M. Mwangi,martyturing@gmail.com,$2b$10$eXZnzNUnfoCT6DnA3skIAu0KH7p.IBTGCl2o5X/4wztkqjR5lJ2gO,2.55E+11,35816558,1,1,profile-default.png,3/1/2022 20:59,5/7/2021 2:48
2,Carol Hassan,carol@gmail.com,$2b$10$1/PsYmU/EgGe.ynkAKWyW.APHRaUhSstS4MtHVyYx6efsqUs6bv3a,2.55E+11,741852,2,1,profile-default.png,2/16/2022 6:10,1/9/2022 2:08
3,PAUL MURIMI MURIUKI,paul@gmail.com,Apple333,722725682,22725682,1,1,profile-default.png,10/27/2021 7:58,10/2/2021 0:42
4,ABABU WANGIA ROYAL,ababu@gmail.com,Apple333,712702150,12702150,2,1,profile-default.png,10/6/2021 18:35,12/4/2021 12:52
5,Rafe Carn,rcarn0@free.fr,XqkTuDmyt,770-978-4348,3790334294,2,1,profile-default.png,8/7/2021 0:18,7/19/2021 18:19
6,Rubia Ganforthe,rganforthe1@mail.ru,UbfzxNKJMNOZ,630-218-4142,8536521090,1,1,profile-default.png,2/2/2022 21:04,6/11/2021 3:10
7,Neel Pasticznyk,npasticznyk2@arizona.edu,wmZKQ1om0FP,644-752-0932,1911475487,1,1,profile-default.png,8/26/2021 0:33,11/9/2021 11:40
8,Austen Cavolini,acavolini3@ted.com,mNYDX6P,440-730-9200,9789340168,1,1,profile-default.png,3/6/2021 22:59,3/1/2022 9:41
9,Hermann Landrick,hlandrick4@tumblr.com,yiTTzfBpuXAK,326-313-2346,1563838613,1,1,profile-default.png,5/9/2021 10:11,11/1/2021 17:08
10,Marena Jillings,mjillings5@usatoday.com,zS683Y7ciV,176-134-6153,5638553355,1,1,profile-default.png,5/2/2021 17:17,2/12/2022 14:35
11,Logan Taynton,ltaynton6@github.com,VG7yHJ1,377-460-4191,1168944082,1,1,profile-default.png,9/26/2021 13:52,5/11/2021 8:10
12,Bradley Wykey,bwykey7@sohu.com,4CxMB9QlW13W,576-689-4832,1948918013,1,1,profile-default.png,6/17/2021 13:40,9/9/2021 23:40
13,Marlo Drinnan,mdrinnan8@tumblr.com,nHNi886,660-483-1658,2129079474,1,1,profile-default.png,1/30/2022 17:52,3/24/2021 8:53
14,Brod Dansken,bdansken9@alexa.com,hzj910,114-526-4433,7009828466,1,1,profile-default.png,10/17/2021 16:01,6/15/2021 16:18
15,Rooney Gallemore,rgallemorea@google.com.hk,Dj0DsG,502-543-4095,7510918448,1,1,profile-default.png,1/14/2022 2:17,8/11/2021 3:51
16,Starla Sleightholme,ssleightholmeb@homestead.com,iuL0xeQ2baBn,115-249-9557,6588439571,1,1,profile-default.png,11/30/2021 15:26,9/4/2021 8:10
17,Leonanie Carlin,lcarlinc@europa.eu,oE8V8E2nZY0m,553-765-1023,3679475292,1,1,profile-default.png,6/10/2021 20:13,9/22/2021 7:55
18,Erinna Ivanchov,eivanchovd@weather.com,ddv92iJf6Ai,963-909-7431,52458148,1,1,profile-default.png,5/15/2021 10:15,4/23/2021 23:39
19,Betteanne Twining,btwininge@yale.edu,XyoCEivxaG,862-939-6552,3075875694,1,1,profile-default.png,10/4/2021 5:09,11/3/2021 3:49
20,Charley Lince,clincef@xinhuanet.com,SumJLKdHROIs,947-562-0448,1496831594,1,1,profile-default.png,8/1/2021 8:31,9/30/2021 16:05
21,Franciskus Climar,fclimarg@usgs.gov,XABo30,370-518-5492,1392467500,1,1,profile-default.png,7/16/2021 4:39,9/27/2021 23:43
22,Iosep Damp,idamph@indiatimes.com,vOHq9ejcSU,170-136-0648,3756640337,1,1,profile-default.png,9/3/2021 19:56,3/31/2021 16:32
23,Lindon Guyonnet,lguyonneti@fda.gov,DjjeYxCFyM,474-402-8387,5492147374,1,1,profile-default.png,8/24/2021 20:40,1/30/2022 18:59
24,Asher Knaggs,aknaggsj@google.com.au,P9V7UWUh,484-825-2792,906560438,1,1,profile-default.png,11/10/2021 2:32,7/6/2021 23:46
25,Ronny Rishman,rrishmank@jalbum.net,wC8iOY2P2eA3,248-208-9799,388622717,1,1,profile-default.png,5/14/2021 23:21,11/30/2021 14:40
26,Sybil Tiffney,stiffneyl@de.vu,P5zM2H,904-203-4886,3604332311,1,1,profile-default.png,5/19/2021 13:13,9/9/2021 0:57
27,Storm Dri,sdrim@imgur.com,SMWRTqD3,515-229-6269,1826569324,1,1,profile-default.png,10/10/2021 7:12,6/25/2021 18:39
28,Heida Learmonth,hlearmonthn@dot.gov,dT6gy7FN00u,595-916-8840,3690997984,1,1,profile-default.png,7/15/2021 17:41,1/25/2022 1:20
29,Irwin Dover,idovero@marriott.com,t0Zhcf4,362-208-6394,3103458487,1,1,profile-default.png,8/10/2021 15:31,1/31/2022 6:10
30,Karlie Trigwell,ktrigwellp@nature.com,do1dile,294-426-1340,4048594915,1,1,profile-default.png,6/21/2021 6:16,7/19/2021 5:40
31,Hope Beaney,hbeaneyq@google.nl,7M0PHkSK7q9,328-575-4625,3848260514,1,1,profile-default.png,8/9/2021 15:44,12/19/2021 5:35
32,Elvera Carlick,ecarlickr@topsy.com,2GfXCd,913-881-8222,4179003287,1,1,profile-default.png,1/14/2022 6:53,1/28/2022 12:22
33,Forest Callear,fcallears@spotify.com,ULYqIcaeCl,679-540-9371,7223151765,1,1,profile-default.png,9/13/2021 20:09,1/31/2022 20:28
34,Ruth Allsobrook,rallsobrookt@sphinn.com,zRroO8dhl,237-473-2397,9970293419,1,1,profile-default.png,6/16/2021 18:15,7/5/2021 9:45
35,Aldon Blackler,ablackleru@sun.com,87NzcDWJx,229-406-7369,4989963024,1,1,profile-default.png,1/4/2022 4:37,12/20/2021 2:21
36,Gert Dulinty,gdulintyv@opera.com,z8Mx4dXSGVNK,176-764-4285,3923541317,1,1,profile-default.png,1/18/2022 11:01,2/17/2022 1:59
37,Shari Siddon,ssiddonw@sfgate.com,vyYoOmykc,513-198-0242,1522040722,1,1,profile-default.png,10/5/2021 5:18,1/16/2022 16:08
38,Ignatius Feedome,ifeedomex@dailymotion.com,84eLU4h9,354-792-7493,8306190122,1,1,profile-default.png,12/11/2021 4:43,3/2/2021 10:19
39,Stephan Clover,sclovery@163.com,ksRJWb8,988-284-8048,3177991960,1,1,profile-default.png,6/3/2021 20:12,7/4/2021 15:50
40,My Satterley,msatterleyz@plala.or.jp,7d3Q1jX4fUJe,836-342-1888,1972301705,1,1,profile-default.png,7/9/2021 14:05,3/4/2021 5:13
41,Frasquito Surby,fsurby10@house.gov,T2QUbf54,170-404-8429,1140629344,1,1,profile-default.png,7/4/2021 0:29,5/3/2021 3:55
42,Patrica Cannaway,pcannaway11@mlb.com,k2ajJmEIpPl4,913-865-6051,9581746773,1,1,profile-default.png,12/25/2021 16:15,1/28/2022 0:20
43,Marylin Parkyn,mparkyn12@hexun.com,hduIGutgE,950-334-5211,1312878681,1,1,profile-default.png,12/6/2021 3:25,8/17/2021 10:17
44,Wells McCraw,wmccraw13@google.com.br,f21woz,367-241-0140,9824858598,1,1,profile-default.png,4/20/2021 6:23,6/29/2021 2:32
45,Diane Archard,darchard14@google.com.hk,C8QA7nxGA8L,205-880-7086,4097114611,1,1,profile-default.png,12/6/2021 8:40,5/20/2021 14:15
46,Greta Wesker,gwesker15@biblegateway.com,iZnPYBH3KI,512-420-9409,6146019437,1,1,profile-default.png,4/21/2021 7:38,3/5/2021 15:24
47,Austine Berkely,aberkely16@so-net.ne.jp,uVlrc2Acnr,252-185-6111,9305819559,1,1,profile-default.png,4/21/2021 3:30,2/25/2022 16:04
48,Grace Wye,gwye17@theguardian.com,U9F9xRzZuKeZ,875-925-4242,9665327747,1,1,profile-default.png,12/30/2021 6:16,12/7/2021 12:12
49,Carlynn Salack,csalack18@technorati.com,zswNECzzF,304-898-3493,5528245273,1,1,profile-default.png,4/8/2021 7:20,3/8/2021 9:20
50,Norine Carlisi,ncarlisi19@apache.org,HtRCJj6,550-424-9777,7199099983,1,1,profile-default.png,6/22/2021 7:27,1/28/2022 5:16
51,Norton Chrichton,nchrichton1a@psu.edu,UmPJa6mhEnrq,295-803-2670,9681205162,1,1,profile-default.png,12/4/2021 23:07,3/2/2022 13:14
52,Arlen Durek,adurek1b@senate.gov,kPeIhgdy9,403-884-3560,9117754569,1,1,profile-default.png,8/11/2021 7:02,2/25/2022 3:14
53,Phylys Bernardino,pbernardino1c@google.es,NvOH4Muox,178-444-1102,504194534,1,1,profile-default.png,12/9/2021 3:06,7/16/2021 15:36
54,Marylee Dishman,mdishman1d@exblog.jp,wh7mF5V5X1E0,566-715-5267,5288790477,1,1,profile-default.png,12/14/2021 14:20,9/23/2021 19:02
